cycle, src_component, src_port, dst_component, dst_port, state, data
0, rhs_constant2, 0, rhs_mux_passer_ctrl, 2, stall, 1
0, in_fork_cond, 0, lhs_in_buf_cond, 0, transfer, 1
0, rhs_ctrl_fork, 0, rhs_ctrl_mux, 1, accept, 0
0, rhs_data_mux, 0, rhs_passer, 0, idle, u
0, rhs_initop2, 0, rhs_mux_passer_ctrl, 0, stall, 0
0, dataF, 2, in_fork_dataF, 0, transfer, u
0, rhs_ctrl_passer, 0, rhs_initop, 0, idle, 0
0, lhs_dataF_passer, 0, lhs_res_mux, 1, accept, u
0, rhs_init_fork, 0, rhs_ctrl_mux2, 0, stall, 0
0, out_eq_res, 0, EQ_res, 0, accept, u
0, rhs_in_buf_dataT, 0, rhs_data_mux, 2, accept, u
0, lhs_in_buf_cond, 0, lhs_initop, 0, idle, 0
0, rhs_ctrl_muxed_fork, 1, rhs_initop2, 0, idle, 0
0, rhs_ctrl_not, 0, rhs_mux_passer_ctrl, 1, accept, 1
0, dataT, 1, in_fork_dataT, 0, transfer, u
0, rhs_ctrl_fork, 2, rhs_ctrl_not, 0, accept, 0
0, rhs_in_buf_dataF, 0, rhs_data_mux, 1, accept, u
0, rhs_in_buf_ctrl, 0, rhs_ctrl_fork, 0, accept, 0
0, lhs_in_buf_ctrl, 0, lhs_dataF_passer, 1, idle, 0
0, in_fork_dataT, 0, lhs_in_buf_dataT, 0, transfer, u
0, lhs_out_bl_res, 0, out_eq_res, 0, idle, u
0, rhs_ctrl_mux, 0, rhs_ctrl_muxed_fork, 0, idle, 0
0, in_fork_cond, 1, rhs_in_buf_cond, 0, transfer, 1
0, lhs_initop, 0, lhs_res_mux, 0, stall, 0
0, rhs_source, 0, rhs_constant, 0, stall, 
0, rhs_out_bl_res, 0, out_eq_res, 1, idle, u
0, lhs_in_buf_dataF, 0, lhs_dataF_passer, 0, idle, u
0, lhs_res_mux, 0, lhs_out_bl_res, 0, idle, u
0, rhs_ctrl_init, 0, rhs_ctrl_mux, 0, stall, 0
0, rhs_ctrl_fork, 1, rhs_ctrl_mux2, 1, accept, 0
0, rhs_ctrl_muxed_fork, 0, rhs_buff, 0, accept, 0
0, out_buf_lhs_nds_res, 0, lhs_out_bl_res, 1, idle, 
0, ctrl, 3, in_fork_ctrl, 0, transfer, 1
0, in_fork_dataF, 0, lhs_in_buf_dataF, 0, transfer, u
0, rhs_buff, 0, rhs_ctrl_init, 0, idle, 0
0, rhs_init_fork, 1, rhs_data_mux, 0, stall, 0
0, out_buf_rhs_nds_res, 0, rhs_out_bl_res, 1, idle, 
0, rhs_source2, 0, rhs_constant2, 0, stall, 
0, rhs_mux_passer_ctrl, 0, rhs_ctrl_passer, 1, idle, 1
0, out_lf_res, 0, out_buf_lhs_nds_res, 0, transfer, 
0, rhs_passer, 0, rhs_out_bl_res, 0, idle, u
0, rhs_initop, 0, rhs_init_fork, 0, stall, 0
0, rhs_constant, 0, rhs_ctrl_mux2, 2, stall, 1
0, in_fork_ctrl, 1, rhs_in_buf_ctrl, 0, transfer, 1
0, rhs_ctrl_muxed_fork, 2, rhs_ctrl_passer, 0, idle, 0
0, lhs_in_buf_dataT, 0, lhs_res_mux, 2, accept, u
0, in_fork_dataF, 1, rhs_in_buf_dataF, 0, transfer, u
0, cond, 0, in_fork_cond, 0, transfer, 1
0, rhs_in_buf_cond, 0, rhs_ctrl_mux, 2, accept, 0
0, rhs_ctrl_mux2, 0, rhs_passer, 1, idle, 0
0, out_lf_res, 1, out_buf_rhs_nds_res, 0, transfer, 
0, in_fork_ctrl, 0, lhs_in_buf_ctrl, 0, transfer, 1
0, out_src_res, 0, out_lf_res, 0, transfer, 
0, in_fork_dataT, 1, rhs_in_buf_dataT, 0, transfer, u
1, in_fork_cond, 0, lhs_in_buf_cond, 0, idle, 1
1, rhs_ctrl_fork, 0, rhs_ctrl_mux, 1, stall, 1
1, rhs_data_mux, 0, rhs_passer, 0, transfer, u
1, rhs_initop2, 0, rhs_mux_passer_ctrl, 0, transfer, 0
1, rhs_init_fork, 0, rhs_ctrl_mux2, 0, transfer, 0
1, rhs_ctrl_passer, 0, rhs_initop, 0, idle, 1
1, lhs_dataF_passer, 0, lhs_res_mux, 1, transfer, u
1, out_eq_res, 0, EQ_res, 0, transfer, u
1, rhs_in_buf_dataT, 0, rhs_data_mux, 2, stall, u
1, lhs_in_buf_cond, 0, lhs_initop, 0, stall, 1
1, rhs_ctrl_muxed_fork, 1, rhs_initop2, 0, stall, 1
1, rhs_ctrl_not, 0, rhs_mux_passer_ctrl, 1, transfer, 0
1, dataT, 1, in_fork_dataT, 0, stall, u
1, rhs_ctrl_fork, 2, rhs_ctrl_not, 0, transfer, 1
1, rhs_in_buf_dataF, 0, rhs_data_mux, 1, transfer, u
1, rhs_in_buf_ctrl, 0, rhs_ctrl_fork, 0, stall, 1
1, lhs_in_buf_ctrl, 0, lhs_dataF_passer, 1, transfer, 1
1, in_fork_dataT, 0, lhs_in_buf_dataT, 0, idle, u
1, lhs_out_bl_res, 0, out_eq_res, 0, transfer, u
1, rhs_ctrl_mux, 0, rhs_ctrl_muxed_fork, 0, stall, 1
1, in_fork_cond, 1, rhs_in_buf_cond, 0, idle, 1
1, lhs_initop, 0, lhs_res_mux, 0, transfer, 0
1, rhs_out_bl_res, 0, out_eq_res, 1, transfer, u
1, lhs_in_buf_dataF, 0, lhs_dataF_passer, 0, transfer, u
1, lhs_res_mux, 0, lhs_out_bl_res, 0, transfer, u
1, rhs_ctrl_fork, 1, rhs_ctrl_mux2, 1, transfer, 1
1, rhs_ctrl_muxed_fork, 0, rhs_buff, 0, transfer, 1
1, out_buf_lhs_nds_res, 0, lhs_out_bl_res, 1, transfer, 
1, ctrl, 3, in_fork_ctrl, 0, stall, 1
1, rhs_init_fork, 1, rhs_data_mux, 0, transfer, 0
1, out_buf_rhs_nds_res, 0, rhs_out_bl_res, 1, transfer, 
1, rhs_mux_passer_ctrl, 0, rhs_ctrl_passer, 1, transfer, 0
1, rhs_passer, 0, rhs_out_bl_res, 0, transfer, u
1, rhs_initop, 0, rhs_init_fork, 0, transfer, 0
1, in_fork_ctrl, 1, rhs_in_buf_ctrl, 0, stall, 1
1, rhs_ctrl_muxed_fork, 2, rhs_ctrl_passer, 0, transfer, 1
1, lhs_in_buf_dataT, 0, lhs_res_mux, 2, stall, u
1, cond, 0, in_fork_cond, 0, stall, 1
1, rhs_in_buf_cond, 0, rhs_ctrl_mux, 2, stall, 1
1, rhs_ctrl_mux2, 0, rhs_passer, 1, transfer, 1
1, in_fork_ctrl, 0, lhs_in_buf_ctrl, 0, accept, 1
1, in_fork_dataT, 1, rhs_in_buf_dataT, 0, idle, u
2, in_fork_cond, 0, lhs_in_buf_cond, 0, accept, 1
2, rhs_ctrl_fork, 0, rhs_ctrl_mux, 1, transfer, 1
2, rhs_data_mux, 0, rhs_passer, 0, idle, u
2, rhs_initop2, 0, rhs_mux_passer_ctrl, 0, stall, 1
2, dataF, 2, in_fork_dataF, 0, stall, u
2, rhs_ctrl_passer, 0, rhs_initop, 0, accept, 1
2, lhs_dataF_passer, 0, lhs_res_mux, 1, accept, u
2, rhs_init_fork, 0, rhs_ctrl_mux2, 0, accept, 1
2, out_eq_res, 0, EQ_res, 0, accept, u
2, lhs_in_buf_cond, 0, lhs_initop, 0, transfer, 1
2, rhs_ctrl_muxed_fork, 1, rhs_initop2, 0, transfer, 1
2, rhs_ctrl_not, 0, rhs_mux_passer_ctrl, 1, accept, 0
2, rhs_ctrl_fork, 2, rhs_ctrl_not, 0, accept, 1
2, rhs_in_buf_dataF, 0, rhs_data_mux, 1, stall, u
2, rhs_in_buf_ctrl, 0, rhs_ctrl_fork, 0, transfer, 1
2, lhs_in_buf_ctrl, 0, lhs_dataF_passer, 1, accept, 1
2, lhs_out_bl_res, 0, out_eq_res, 0, stall, u
2, rhs_ctrl_mux, 0, rhs_ctrl_muxed_fork, 0, transfer, 1
2, in_fork_cond, 1, rhs_in_buf_cond, 0, stall, 1
2, lhs_initop, 0, lhs_res_mux, 0, stall, 1
2, rhs_out_bl_res, 0, out_eq_res, 1, accept, u
2, lhs_in_buf_dataF, 0, lhs_dataF_passer, 0, stall, u
2, lhs_res_mux, 0, lhs_out_bl_res, 0, stall, u
2, rhs_ctrl_init, 0, rhs_ctrl_mux, 0, transfer, 0
2, rhs_ctrl_fork, 1, rhs_ctrl_mux2, 1, accept, 1
2, rhs_ctrl_muxed_fork, 0, rhs_buff, 0, idle, 1
2, out_buf_lhs_nds_res, 0, lhs_out_bl_res, 1, stall, 
2, ctrl, 3, in_fork_ctrl, 0, transfer, 1
2, in_fork_dataF, 0, lhs_in_buf_dataF, 0, idle, u
2, rhs_buff, 0, rhs_ctrl_init, 0, stall, 1
2, rhs_init_fork, 1, rhs_data_mux, 0, accept, 1
2, out_buf_rhs_nds_res, 0, rhs_out_bl_res, 1, stall, 
2, rhs_mux_passer_ctrl, 0, rhs_ctrl_passer, 1, stall, 1
2, out_lf_res, 0, out_buf_lhs_nds_res, 0, idle, 
2, rhs_passer, 0, rhs_out_bl_res, 0, accept, u
2, rhs_initop, 0, rhs_init_fork, 0, accept, 1
2, in_fork_ctrl, 1, rhs_in_buf_ctrl, 0, transfer, 1
2, rhs_ctrl_muxed_fork, 2, rhs_ctrl_passer, 0, accept, 1
2, in_fork_dataF, 1, rhs_in_buf_dataF, 0, idle, u
2, out_lf_res, 1, out_buf_rhs_nds_res, 0, idle, 
2, rhs_ctrl_mux2, 0, rhs_passer, 1, idle, 1
2, in_fork_ctrl, 0, lhs_in_buf_ctrl, 0, transfer, 1
2, out_src_res, 0, out_lf_res, 0, stall, 
3, rhs_constant2, 0, rhs_mux_passer_ctrl, 2, transfer, 1
3, rhs_ctrl_fork, 0, rhs_ctrl_mux, 1, stall, 1
3, rhs_data_mux, 0, rhs_passer, 0, transfer, u
3, rhs_initop2, 0, rhs_mux_passer_ctrl, 0, transfer, 1
3, rhs_init_fork, 0, rhs_ctrl_mux2, 0, transfer, 1
3, rhs_ctrl_passer, 0, rhs_initop, 0, transfer, 1
3, lhs_dataF_passer, 0, lhs_res_mux, 1, stall, u
3, out_eq_res, 0, EQ_res, 0, transfer, u
3, rhs_in_buf_dataT, 0, rhs_data_mux, 2, transfer, u
3, lhs_in_buf_cond, 0, lhs_initop, 0, idle, 1
3, rhs_ctrl_muxed_fork, 1, rhs_initop2, 0, stall, 1
3, rhs_ctrl_not, 0, rhs_mux_passer_ctrl, 1, stall, 0
3, dataT, 1, in_fork_dataT, 0, transfer, u
3, rhs_ctrl_fork, 2, rhs_ctrl_not, 0, stall, 1
3, rhs_in_buf_ctrl, 0, rhs_ctrl_fork, 0, stall, 1
3, lhs_in_buf_ctrl, 0, lhs_dataF_passer, 1, stall, 1
3, in_fork_dataT, 0, lhs_in_buf_dataT, 0, transfer, u
3, lhs_out_bl_res, 0, out_eq_res, 0, transfer, u
3, rhs_ctrl_mux, 0, rhs_ctrl_muxed_fork, 0, stall, 1
3, lhs_initop, 0, lhs_res_mux, 0, transfer, 1
3, rhs_source, 0, rhs_constant, 0, transfer, 
3, rhs_out_bl_res, 0, out_eq_res, 1, transfer, u
3, lhs_res_mux, 0, lhs_out_bl_res, 0, transfer, u
3, rhs_ctrl_init, 0, rhs_ctrl_mux, 0, stall, 1
3, rhs_ctrl_fork, 1, rhs_ctrl_mux2, 1, stall, 1
3, rhs_ctrl_muxed_fork, 0, rhs_buff, 0, transfer, 1
3, out_buf_lhs_nds_res, 0, lhs_out_bl_res, 1, transfer, 
3, ctrl, 3, in_fork_ctrl, 0, stall, 0
3, rhs_buff, 0, rhs_ctrl_init, 0, transfer, 1
3, rhs_init_fork, 1, rhs_data_mux, 0, transfer, 1
3, out_buf_rhs_nds_res, 0, rhs_out_bl_res, 1, transfer, 
3, rhs_source2, 0, rhs_constant2, 0, transfer, 
3, rhs_mux_passer_ctrl, 0, rhs_ctrl_passer, 1, transfer, 1
3, out_lf_res, 0, out_buf_lhs_nds_res, 0, transfer, 
3, rhs_passer, 0, rhs_out_bl_res, 0, transfer, u
3, rhs_initop, 0, rhs_init_fork, 0, transfer, 1
3, rhs_constant, 0, rhs_ctrl_mux2, 2, transfer, 1
3, in_fork_ctrl, 1, rhs_in_buf_ctrl, 0, idle, 0
3, rhs_ctrl_muxed_fork, 2, rhs_ctrl_passer, 0, transfer, 1
3, lhs_in_buf_dataT, 0, lhs_res_mux, 2, transfer, u
3, out_lf_res, 1, out_buf_rhs_nds_res, 0, transfer, 
3, rhs_ctrl_mux2, 0, rhs_passer, 1, transfer, 1
3, in_fork_ctrl, 0, lhs_in_buf_ctrl, 0, idle, 0
3, out_src_res, 0, out_lf_res, 0, transfer, 
3, in_fork_dataT, 1, rhs_in_buf_dataT, 0, transfer, u
4, rhs_constant2, 0, rhs_mux_passer_ctrl, 2, stall, 1
4, in_fork_cond, 0, lhs_in_buf_cond, 0, transfer, 1
4, rhs_data_mux, 0, rhs_passer, 0, idle, u
4, rhs_initop2, 0, rhs_mux_passer_ctrl, 0, stall, 1
4, rhs_init_fork, 0, rhs_ctrl_mux2, 0, accept, 1
4, rhs_ctrl_passer, 0, rhs_initop, 0, accept, 1
4, out_eq_res, 0, EQ_res, 0, accept, u
4, rhs_in_buf_dataT, 0, rhs_data_mux, 2, stall, u
4, lhs_in_buf_cond, 0, lhs_initop, 0, accept, 1
4, rhs_ctrl_muxed_fork, 1, rhs_initop2, 0, transfer, 1
4, dataT, 1, in_fork_dataT, 0, idle, u
4, in_fork_dataT, 0, lhs_in_buf_dataT, 0, idle, u
4, lhs_out_bl_res, 0, out_eq_res, 0, idle, u
4, rhs_ctrl_mux, 0, rhs_ctrl_muxed_fork, 0, transfer, 1
4, in_fork_cond, 1, rhs_in_buf_cond, 0, transfer, 1
4, lhs_initop, 0, lhs_res_mux, 0, accept, 1
4, rhs_source, 0, rhs_constant, 0, stall, 
4, rhs_out_bl_res, 0, out_eq_res, 1, idle, u
4, lhs_res_mux, 0, lhs_out_bl_res, 0, idle, u
4, rhs_ctrl_init, 0, rhs_ctrl_mux, 0, transfer, 1
4, rhs_ctrl_muxed_fork, 0, rhs_buff, 0, idle, 1
4, out_buf_lhs_nds_res, 0, lhs_out_bl_res, 1, stall, 
4, rhs_buff, 0, rhs_ctrl_init, 0, stall, 1
4, rhs_init_fork, 1, rhs_data_mux, 0, accept, 1
4, out_buf_rhs_nds_res, 0, rhs_out_bl_res, 1, stall, 
4, rhs_source2, 0, rhs_constant2, 0, stall, 
4, rhs_mux_passer_ctrl, 0, rhs_ctrl_passer, 1, stall, 1
4, out_lf_res, 0, out_buf_lhs_nds_res, 0, idle, 
4, rhs_passer, 0, rhs_out_bl_res, 0, idle, u
4, rhs_initop, 0, rhs_init_fork, 0, accept, 1
4, rhs_constant, 0, rhs_ctrl_mux2, 2, stall, 1
4, rhs_ctrl_muxed_fork, 2, rhs_ctrl_passer, 0, accept, 1
4, lhs_in_buf_dataT, 0, lhs_res_mux, 2, stall, u
4, out_lf_res, 1, out_buf_rhs_nds_res, 0, idle, 
4, cond, 0, in_fork_cond, 0, transfer, 1
4, rhs_in_buf_cond, 0, rhs_ctrl_mux, 2, transfer, 1
4, rhs_ctrl_mux2, 0, rhs_passer, 1, idle, 1
4, out_src_res, 0, out_lf_res, 0, stall, 
4, in_fork_dataT, 1, rhs_in_buf_dataT, 0, idle, u
5, rhs_constant2, 0, rhs_mux_passer_ctrl, 2, transfer, 1
5, in_fork_cond, 0, lhs_in_buf_cond, 0, accept, 0
5, rhs_data_mux, 0, rhs_passer, 0, transfer, u
5, rhs_initop2, 0, rhs_mux_passer_ctrl, 0, transfer, 1
5, rhs_init_fork, 0, rhs_ctrl_mux2, 0, transfer, 1
5, rhs_ctrl_passer, 0, rhs_initop, 0, transfer, 1
5, out_eq_res, 0, EQ_res, 0, transfer, u
5, rhs_in_buf_dataT, 0, rhs_data_mux, 2, transfer, u
5, lhs_in_buf_cond, 0, lhs_initop, 0, transfer, 1
5, rhs_ctrl_muxed_fork, 1, rhs_initop2, 0, stall, 1
5, dataT, 1, in_fork_dataT, 0, accept, u
5, in_fork_dataT, 0, lhs_in_buf_dataT, 0, accept, u
5, lhs_out_bl_res, 0, out_eq_res, 0, transfer, u
5, rhs_ctrl_mux, 0, rhs_ctrl_muxed_fork, 0, stall, 1
5, in_fork_cond, 1, rhs_in_buf_cond, 0, stall, 0
5, lhs_initop, 0, lhs_res_mux, 0, transfer, 1
5, rhs_source, 0, rhs_constant, 0, transfer, 
5, rhs_out_bl_res, 0, out_eq_res, 1, transfer, u
5, lhs_res_mux, 0, lhs_out_bl_res, 0, transfer, u
5, rhs_ctrl_init, 0, rhs_ctrl_mux, 0, stall, 1
5, rhs_ctrl_muxed_fork, 0, rhs_buff, 0, transfer, 1
5, out_buf_lhs_nds_res, 0, lhs_out_bl_res, 1, transfer, 
5, rhs_buff, 0, rhs_ctrl_init, 0, transfer, 1
5, rhs_init_fork, 1, rhs_data_mux, 0, transfer, 1
5, out_buf_rhs_nds_res, 0, rhs_out_bl_res, 1, transfer, 
5, rhs_source2, 0, rhs_constant2, 0, transfer, 
5, rhs_mux_passer_ctrl, 0, rhs_ctrl_passer, 1, transfer, 1
5, out_lf_res, 0, out_buf_lhs_nds_res, 0, transfer, 
5, rhs_passer, 0, rhs_out_bl_res, 0, transfer, u
5, rhs_initop, 0, rhs_init_fork, 0, transfer, 1
5, rhs_constant, 0, rhs_ctrl_mux2, 2, transfer, 1
5, rhs_ctrl_muxed_fork, 2, rhs_ctrl_passer, 0, transfer, 1
5, lhs_in_buf_dataT, 0, lhs_res_mux, 2, transfer, u
5, out_lf_res, 1, out_buf_rhs_nds_res, 0, transfer, 
5, cond, 0, in_fork_cond, 0, stall, 0
5, rhs_in_buf_cond, 0, rhs_ctrl_mux, 2, stall, 1
5, rhs_ctrl_mux2, 0, rhs_passer, 1, transfer, 1
5, out_src_res, 0, out_lf_res, 0, transfer, 
5, in_fork_dataT, 1, rhs_in_buf_dataT, 0, accept, u
6, rhs_constant2, 0, rhs_mux_passer_ctrl, 2, stall, 1
6, in_fork_cond, 0, lhs_in_buf_cond, 0, transfer, 0
6, rhs_data_mux, 0, rhs_passer, 0, idle, u
6, rhs_initop2, 0, rhs_mux_passer_ctrl, 0, stall, 1
6, rhs_init_fork, 0, rhs_ctrl_mux2, 0, accept, 1
6, rhs_ctrl_passer, 0, rhs_initop, 0, accept, 1
6, out_eq_res, 0, EQ_res, 0, accept, u
6, rhs_in_buf_dataT, 0, rhs_data_mux, 2, accept, u
6, lhs_in_buf_cond, 0, lhs_initop, 0, accept, 1
6, rhs_ctrl_muxed_fork, 1, rhs_initop2, 0, transfer, 1
6, lhs_out_bl_res, 0, out_eq_res, 0, idle, u
6, rhs_ctrl_mux, 0, rhs_ctrl_muxed_fork, 0, transfer, 1
6, in_fork_cond, 1, rhs_in_buf_cond, 0, transfer, 0
6, lhs_initop, 0, lhs_res_mux, 0, accept, 1
6, rhs_source, 0, rhs_constant, 0, stall, 
6, rhs_out_bl_res, 0, out_eq_res, 1, idle, u
6, lhs_res_mux, 0, lhs_out_bl_res, 0, idle, u
6, rhs_ctrl_init, 0, rhs_ctrl_mux, 0, transfer, 1
6, rhs_ctrl_muxed_fork, 0, rhs_buff, 0, idle, 1
6, out_buf_lhs_nds_res, 0, lhs_out_bl_res, 1, stall, 
6, rhs_buff, 0, rhs_ctrl_init, 0, stall, 1
6, rhs_init_fork, 1, rhs_data_mux, 0, accept, 1
6, out_buf_rhs_nds_res, 0, rhs_out_bl_res, 1, stall, 
6, rhs_source2, 0, rhs_constant2, 0, stall, 
6, rhs_mux_passer_ctrl, 0, rhs_ctrl_passer, 1, stall, 1
6, out_lf_res, 0, out_buf_lhs_nds_res, 0, idle, 
6, rhs_passer, 0, rhs_out_bl_res, 0, idle, u
6, rhs_initop, 0, rhs_init_fork, 0, accept, 1
6, rhs_constant, 0, rhs_ctrl_mux2, 2, stall, 1
6, rhs_ctrl_muxed_fork, 2, rhs_ctrl_passer, 0, accept, 1
6, lhs_in_buf_dataT, 0, lhs_res_mux, 2, accept, u
6, out_lf_res, 1, out_buf_rhs_nds_res, 0, idle, 
6, cond, 0, in_fork_cond, 0, transfer, 0
6, rhs_in_buf_cond, 0, rhs_ctrl_mux, 2, transfer, 1
6, rhs_ctrl_mux2, 0, rhs_passer, 1, idle, 1
6, out_src_res, 0, out_lf_res, 0, stall, 
7, rhs_constant2, 0, rhs_mux_passer_ctrl, 2, transfer, 1
7, in_fork_cond, 0, lhs_in_buf_cond, 0, accept, 0
7, rhs_data_mux, 0, rhs_passer, 0, transfer, u
7, rhs_initop2, 0, rhs_mux_passer_ctrl, 0, transfer, 1
7, dataF, 2, in_fork_dataF, 0, transfer, u
7, rhs_ctrl_passer, 0, rhs_initop, 0, transfer, 0
7, lhs_dataF_passer, 0, lhs_res_mux, 1, transfer, u
7, rhs_init_fork, 0, rhs_ctrl_mux2, 0, transfer, 0
7, out_eq_res, 0, EQ_res, 0, transfer, u
7, lhs_in_buf_cond, 0, lhs_initop, 0, transfer, 0
7, rhs_ctrl_muxed_fork, 1, rhs_initop2, 0, stall, 0
7, rhs_in_buf_dataF, 0, rhs_data_mux, 1, transfer, u
7, lhs_in_buf_ctrl, 0, lhs_dataF_passer, 1, transfer, 1
7, lhs_out_bl_res, 0, out_eq_res, 0, transfer, u
7, rhs_ctrl_mux, 0, rhs_ctrl_muxed_fork, 0, stall, 0
7, in_fork_cond, 1, rhs_in_buf_cond, 0, idle, 0
7, lhs_initop, 0, lhs_res_mux, 0, transfer, 0
7, rhs_out_bl_res, 0, out_eq_res, 1, transfer, u
7, lhs_in_buf_dataF, 0, lhs_dataF_passer, 0, transfer, u
7, lhs_res_mux, 0, lhs_out_bl_res, 0, transfer, u
7, rhs_ctrl_init, 0, rhs_ctrl_mux, 0, stall, 1
7, rhs_ctrl_muxed_fork, 0, rhs_buff, 0, transfer, 0
7, rhs_ctrl_fork, 1, rhs_ctrl_mux2, 1, transfer, 1
7, out_buf_lhs_nds_res, 0, lhs_out_bl_res, 1, transfer, 
7, in_fork_dataF, 0, lhs_in_buf_dataF, 0, transfer, u
7, rhs_buff, 0, rhs_ctrl_init, 0, transfer, 1
7, rhs_init_fork, 1, rhs_data_mux, 0, transfer, 0
7, out_buf_rhs_nds_res, 0, rhs_out_bl_res, 1, transfer, 
7, rhs_source2, 0, rhs_constant2, 0, transfer, 
7, rhs_mux_passer_ctrl, 0, rhs_ctrl_passer, 1, transfer, 1
7, out_lf_res, 0, out_buf_lhs_nds_res, 0, transfer, 
7, rhs_passer, 0, rhs_out_bl_res, 0, transfer, u
7, rhs_initop, 0, rhs_init_fork, 0, transfer, 0
7, in_fork_ctrl, 1, rhs_in_buf_ctrl, 0, stall, 0
7, rhs_ctrl_muxed_fork, 2, rhs_ctrl_passer, 0, transfer, 0
7, in_fork_dataF, 1, rhs_in_buf_dataF, 0, transfer, u
7, cond, 0, in_fork_cond, 0, idle, 0
7, rhs_in_buf_cond, 0, rhs_ctrl_mux, 2, stall, 0
7, rhs_ctrl_mux2, 0, rhs_passer, 1, transfer, 1
7, out_lf_res, 1, out_buf_rhs_nds_res, 0, transfer, 
7, in_fork_ctrl, 0, lhs_in_buf_ctrl, 0, accept, 0
7, out_src_res, 0, out_lf_res, 0, transfer, 
8, rhs_constant2, 0, rhs_mux_passer_ctrl, 2, stall, 1
8, rhs_data_mux, 0, rhs_passer, 0, idle, u
8, rhs_initop2, 0, rhs_mux_passer_ctrl, 0, stall, 0
8, dataF, 2, in_fork_dataF, 0, idle, u
8, rhs_ctrl_passer, 0, rhs_initop, 0, accept, 0
8, lhs_dataF_passer, 0, lhs_res_mux, 1, accept, u
8, rhs_init_fork, 0, rhs_ctrl_mux2, 0, accept, 0
8, out_eq_res, 0, EQ_res, 0, accept, u
8, lhs_in_buf_cond, 0, lhs_initop, 0, accept, 0
8, rhs_ctrl_muxed_fork, 1, rhs_initop2, 0, transfer, 0
8, rhs_in_buf_dataF, 0, rhs_data_mux, 1, stall, u
8, lhs_in_buf_ctrl, 0, lhs_dataF_passer, 1, accept, 1
8, lhs_out_bl_res, 0, out_eq_res, 0, idle, u
8, rhs_ctrl_mux, 0, rhs_ctrl_muxed_fork, 0, transfer, 0
8, in_fork_cond, 1, rhs_in_buf_cond, 0, accept, 0
8, lhs_initop, 0, lhs_res_mux, 0, accept, 0
8, rhs_out_bl_res, 0, out_eq_res, 1, idle, u
8, lhs_in_buf_dataF, 0, lhs_dataF_passer, 0, stall, u
8, lhs_res_mux, 0, lhs_out_bl_res, 0, idle, u
8, rhs_ctrl_init, 0, rhs_ctrl_mux, 0, transfer, 1
8, rhs_ctrl_fork, 1, rhs_ctrl_mux2, 1, accept, 1
8, rhs_ctrl_muxed_fork, 0, rhs_buff, 0, idle, 0
8, out_buf_lhs_nds_res, 0, lhs_out_bl_res, 1, stall, 
8, in_fork_dataF, 0, lhs_in_buf_dataF, 0, idle, u
8, rhs_buff, 0, rhs_ctrl_init, 0, stall, 0
8, rhs_init_fork, 1, rhs_data_mux, 0, accept, 0
8, out_buf_rhs_nds_res, 0, rhs_out_bl_res, 1, stall, 
8, rhs_source2, 0, rhs_constant2, 0, stall, 
8, rhs_mux_passer_ctrl, 0, rhs_ctrl_passer, 1, stall, 0
8, out_lf_res, 0, out_buf_lhs_nds_res, 0, idle, 
8, rhs_passer, 0, rhs_out_bl_res, 0, idle, u
8, rhs_initop, 0, rhs_init_fork, 0, accept, 0
8, rhs_ctrl_muxed_fork, 2, rhs_ctrl_passer, 0, accept, 0
8, in_fork_dataF, 1, rhs_in_buf_dataF, 0, idle, u
8, cond, 0, in_fork_cond, 0, accept, 0
8, out_lf_res, 1, out_buf_rhs_nds_res, 0, idle, 
8, rhs_in_buf_cond, 0, rhs_ctrl_mux, 2, transfer, 0
8, rhs_ctrl_mux2, 0, rhs_passer, 1, idle, 1
8, out_src_res, 0, out_lf_res, 0, stall, 
9, rhs_initop2, 0, rhs_mux_passer_ctrl, 0, transfer, 0
9, rhs_init_fork, 0, rhs_ctrl_mux2, 0, accept, 1
9, rhs_ctrl_passer, 0, rhs_initop, 0, accept, 1
9, rhs_ctrl_muxed_fork, 1, rhs_initop2, 0, stall, 1
9, rhs_ctrl_not, 0, rhs_mux_passer_ctrl, 1, transfer, 0
9, rhs_ctrl_fork, 2, rhs_ctrl_not, 0, transfer, 1
9, rhs_ctrl_mux, 0, rhs_ctrl_muxed_fork, 0, stall, 1
9, rhs_ctrl_init, 0, rhs_ctrl_mux, 0, stall, 0
9, rhs_ctrl_muxed_fork, 0, rhs_buff, 0, transfer, 1
9, rhs_buff, 0, rhs_ctrl_init, 0, transfer, 0
9, rhs_init_fork, 1, rhs_data_mux, 0, accept, 1
9, rhs_mux_passer_ctrl, 0, rhs_ctrl_passer, 1, transfer, 0
9, rhs_initop, 0, rhs_init_fork, 0, accept, 1
9, rhs_ctrl_muxed_fork, 2, rhs_ctrl_passer, 0, transfer, 1
9, rhs_in_buf_cond, 0, rhs_ctrl_mux, 2, accept, 0
10, rhs_ctrl_fork, 0, rhs_ctrl_mux, 1, transfer, 1
10, rhs_initop2, 0, rhs_mux_passer_ctrl, 0, stall, 1
10, rhs_ctrl_muxed_fork, 1, rhs_initop2, 0, transfer, 1
10, rhs_ctrl_not, 0, rhs_mux_passer_ctrl, 1, accept, 0
10, rhs_ctrl_fork, 2, rhs_ctrl_not, 0, accept, 1
10, rhs_in_buf_ctrl, 0, rhs_ctrl_fork, 0, transfer, 1
10, rhs_ctrl_mux, 0, rhs_ctrl_muxed_fork, 0, transfer, 1
10, rhs_ctrl_init, 0, rhs_ctrl_mux, 0, transfer, 0
10, rhs_ctrl_muxed_fork, 0, rhs_buff, 0, idle, 1
10, ctrl, 3, in_fork_ctrl, 0, transfer, 0
10, rhs_buff, 0, rhs_ctrl_init, 0, stall, 1
10, rhs_mux_passer_ctrl, 0, rhs_ctrl_passer, 1, stall, 1
10, in_fork_ctrl, 1, rhs_in_buf_ctrl, 0, transfer, 0
10, rhs_ctrl_muxed_fork, 2, rhs_ctrl_passer, 0, accept, 1
10, in_fork_ctrl, 0, lhs_in_buf_ctrl, 0, transfer, 0
11, rhs_ctrl_fork, 0, rhs_ctrl_mux, 1, stall, 0
11, rhs_init_fork, 0, rhs_ctrl_mux2, 0, accept, 0
11, rhs_ctrl_passer, 0, rhs_initop, 0, accept, 0
11, rhs_ctrl_muxed_fork, 1, rhs_initop2, 0, idle, 0
11, rhs_ctrl_not, 0, rhs_mux_passer_ctrl, 1, stall, 1
11, rhs_ctrl_fork, 2, rhs_ctrl_not, 0, stall, 0
11, rhs_in_buf_ctrl, 0, rhs_ctrl_fork, 0, stall, 0
11, lhs_in_buf_ctrl, 0, lhs_dataF_passer, 1, transfer, 0
11, rhs_ctrl_mux, 0, rhs_ctrl_muxed_fork, 0, idle, 0
11, lhs_in_buf_dataF, 0, lhs_dataF_passer, 0, transfer, u
11, rhs_ctrl_init, 0, rhs_ctrl_mux, 0, stall, 1
11, rhs_ctrl_fork, 1, rhs_ctrl_mux2, 1, stall, 0
11, rhs_ctrl_muxed_fork, 0, rhs_buff, 0, accept, 0
11, ctrl, 3, in_fork_ctrl, 0, idle, 0
11, in_fork_dataF, 0, lhs_in_buf_dataF, 0, accept, u
11, rhs_buff, 0, rhs_ctrl_init, 0, transfer, 1
11, rhs_init_fork, 1, rhs_data_mux, 0, accept, 0
11, rhs_initop, 0, rhs_init_fork, 0, accept, 0
11, in_fork_ctrl, 1, rhs_in_buf_ctrl, 0, idle, 0
11, rhs_ctrl_muxed_fork, 2, rhs_ctrl_passer, 0, accept, 0
11, rhs_ctrl_mux2, 0, rhs_passer, 1, idle, 0
11, in_fork_ctrl, 0, lhs_in_buf_ctrl, 0, accept, 0
12, lhs_in_buf_ctrl, 0, lhs_dataF_passer, 1, idle, 0
12, lhs_in_buf_dataF, 0, lhs_dataF_passer, 0, idle, u
12, rhs_buff, 0, rhs_ctrl_init, 0, idle, 1
